,effects L,max L,effects I,max I
0,2032203.7646875163,2539343.0602687257,2215542.938706584,2195908.9250108744
1,-104199.19752840576,2414761.3405271093,-2216210.2294752505,733986.9299886375
2,-3365154.621095457,238996.9939076448,0.0,2195908.9250108744
3,86272.45386760478,227271.65557902207,0.0,733986.9299886375
4,1354221.0042337815,5080690.7415977735,1501190.0224136554,4451387.181877543
5,-36045.66849328619,4824329.158547369,-754288.2344530134,1480888.7179492798
6,-1121236.7454408726,478182.6580327316,0.0,4451387.181877543
7,29844.26316110795,454054.5090397524,0.0,1480888.7179492798
