,effects L,max L,effects I,max I
0,2119048.0096423533,2602307.299969151,4163780.663359495,3297004.768776661
1,-32749.490661796437,2562397.5284155025,-1823568.8361704145,2162338.4661412705
2,-3508961.220267983,244923.03999709655,0.0,3297004.768776661
3,27115.169687723952,241166.82620381203,0.0,2162338.4661412705
4,1412698.6719919262,5204614.59993306,2868218.0918010585,6854125.394112743
5,-10916.497988329858,5124795.050787668,-688902.5335350242,4341654.024407305
6,-1169653.7391761104,489846.0799936998,0.0,6854125.394112743
7,9038.390807541895,482333.65183883935,0.0,4341654.024407305
